{
    "PatchAllScavengerExits": false,
    "AllowExitFromAnySide": false,
    "ForceExitsOpen": false,
    "ConvertCooperationExits": false,
    "PatchCustomExits": false,

    "EnableInstantConstruction": false,
    "EnableInstantProduction": false,
    "ConstructionTimeModifier": 1.0,
    "ProductionTimeModifier": 1.0,

    "ExtendKeyUsageLimit": false,

    "FleaMarketAccessLevel": 15,
    "DisableFleaMarket": false,
    "ExtendClothingFactions": false,

    "ScavHealthMultiplier": 1.0,
    "SpecialHealthMultiplier": 1.0,
    "BossHealthMultiplier": 1.0,
    "BossFollowerHealthMultiplier": 1.0,
    "DisableFallDamage": false,
    "DisableStatDrain": false,
    "DisableSkillFatigue": false,

    "TimeBeforeDeploy": 20,
    "ScavengerModeCooldown": 600,
    "DisableScavengerMode": false,

    "ExtractedExperienceMultiplier": 1.0,
    "KilledExperienceMultiplier": 1.0,

    "AccessLabsWithoutCard": false,
    "ExtendRaidTimerToHour": false,

    "CustomsAirdropChance": 5.0,
    "InterchangeAirdropChance": 5.0,
    "LighthouseAirdropChance": 5.0,
    "ReserveAirdropChance": 5.0,
    "ShorelineAirdropChance": 5.0,
    "StreetsAirdropChance": 5.0,
    "WoodsAirdropChance": 5.0,

    "CustomsGoonsChance": 10,

    "CustomsReshalaChance": 10,
    "CustomsReshalaFollowers": "4",
    "CustomsReshalaLocations": "ZoneDormitory,ZoneGasStation,ZoneScavBase",

    "CustomsCultistChance": 10,

    "FactoryDayTagillaChance": 10,

    "FactoryNightTagillaChance": 10,
    "FactoryNightCultistChance": 10,

    "InterchangeKillaChance": 10,
    "InterchangeKillaLocations": "ZoneCenterBot,ZoneCenter,ZoneOLI,ZoneIDEA,ZoneGoshan",

    "LighthouseGoonsChance": 10,
    "LighthouseGoonsLocations": "Zone_TreatmentContainers,Zone_Chalet",

    "ReserveGluharChance": 10,
    "ReserveGluharLocations": "ZoneRailStrorage,ZonePTOR2,ZoneBarrack,ZoneSubStorage",
    "ReserveGluharAssaultCount": "2",
    "ReserveGluharSecurityCount": "2",
    "ReserveGluharScoutCount": "2",

    "ShorelineGoonsChance": 10,
    "ShorelineSanitarChance": 10,
    "ShorelineSanitarLocations": "ZoneGreenHouses,ZoneSanatorium1,ZoneGreenHouses,ZoneSanatorium2,ZonePort",
    "ShorelineSanitarFollowers": "2",
    "ShorelineCultistChance": 10,

    "StreetsKolontayChance": 10,
    "StreetsKolontayLocations": "ZoneClimova,ZoneMvd",
    "StreetsKolontayAssaultCount": "2",
    "StreetsKolontaySecurityCount": "2",

    "StreetsKabanChance": 10,
    "StreetsKabanSecurityCount": "2",
    "StreetsKabanClose1Count": "1",
    "StreetsKabanClose2Count": "1",
    "StreetsKabanSniperCount": "2",

    "WoodsGoonsChance": 10,
    "WoodsShturmanChance": 10,
    "WoodsShturmanFollowers": "2",
    "WoodsCultistChance": 10,

    "UsecBearRatio": 50,
    "PmcFriendlyChance": 50,
    "ScavengerToPmc": 15,
    "RaiderToPmc": 15,
    "RogueToPmc": 15
}